MeSH,count
Obesity,77881
"Diabetes Mellitus, Type 2",61901
Diabetes Mellitus,31404
Insulin Resistance,30080
"Diabetes Mellitus, Type 1",25994
Metabolic Syndrome,17279
"Diabetes Mellitus, Experimental",16979
Osteoporosis,16628
Hyperglycemia,11430
Calcinosis,9643
"Obesity, Morbid",8408
Hypercholesterolemia,8374
Amyotrophic Lateral Sclerosis,7925
Hyperlipidemias,7883
Hypoglycemia,7270
Vitamin D Deficiency,7005
Malnutrition,6290
Dyslipidemias,6082
"Osteoporosis, Postmenopausal",5828
Celiac Disease,5383
"Diabetes, Gestational",5189
Glucose Intolerance,4807
"Anemia, Iron-Deficiency",4398
Amyloidosis,4290
Metabolic Diseases,3978
Pediatric Obesity,3976
Dehydration,3795
"Bone Diseases, Metabolic",3212
Hyperinsulinism,3170
Acidosis,3010
Mitochondrial Diseases,2835
Hypertriglyceridemia,2612
Prediabetic State,2470
Hyperhomocysteinemia,2468
Iron Overload,2426
Hyponatremia,2366
Nutrition Disorders,2256
Hypercalcemia,2178
"Colorectal Neoplasms, Hereditary Nonpolyposis",2151
Hepatic Encephalopathy,2101
"Obesity, Abdominal",2096
Vascular Calcification,2091
"Metabolism, Inborn Errors",2009
Gout,1985
Hemochromatosis,1840
Hyperlipoproteinemia Type II,1761
Starvation,1648
"Adrenal Hyperplasia, Congenital",1608
Hypocalcemia,1594
Vitamin B 12 Deficiency,1509
Frontotemporal Dementia,1425
Diabetic Ketoacidosis,1374
Child Nutrition Disorders,1331
Fabry Disease,1320
Hypokalemia,1303
Protein-Energy Malnutrition,1291
Hepatolenticular Degeneration,1265
Gaucher Disease,1258
Vitamin A Deficiency,1236
Fanconi Anemia,1223
Hyperkalemia,1222
Water-Electrolyte Imbalance,1207
Phenylketonurias,1193
Folic Acid Deficiency,1179
Prader-Willi Syndrome,1174
Severe Combined Immunodeficiency,1170
"Acidosis, Lactic",1076
Deficiency Diseases,1028
"Amino Acid Metabolism, Inborn Errors",1022
Lipodystrophy,968
Malabsorption Syndromes,894
Magnesium Deficiency,849
Friedreich Ataxia,817
Ataxia Telangiectasia,814
Cerebral Amyloid Angiopathy,800
Neuronal Ceroid-Lipofuscinoses,770
Frontotemporal Lobar Degeneration,719
Xeroderma Pigmentosum,716
Glucosephosphate Dehydrogenase Deficiency,710
Lysosomal Storage Diseases,694
Wasting Syndrome,679
Glycogen Storage Disease Type II,672
Hyperphosphatemia,663
HIV-Associated Lipodystrophy Syndrome,657
Mitochondrial Myopathies,655
Inappropriate ADH Syndrome,649
Chronic Kidney Disease-Mineral and Bone Disorder,638
Hypophosphatemia,633
Ketosis,622
"Lipid Metabolism, Inborn Errors",619
Rickets,618
Xanthomatosis,615
"Amyloid Neuropathies, Familial",597
"Brain Diseases, Metabolic",590
Hypernatremia,578
Osteomalacia,572
Adrenoleukodystrophy,539
Lipomatosis,516
MELAS Syndrome,513
Lactose Intolerance,508
Infant Nutrition Disorders,497
Thiamine Deficiency,472
"Optic Atrophy, Hereditary, Leber",469
Mucopolysaccharidosis I,464
Acid-Base Imbalance,458
"Acidosis, Renal Tubular",456
Glucose Metabolism Disorders,455
Mitochondrial Encephalomyopathies,443
Progeria,442
Choline Deficiency,435
Glycosuria,433
"Arthritis, Gouty",426
Alkalosis,423
Vitamin E Deficiency,423
Niemann-Pick Diseases,414
Nephrocalcinosis,410
Leigh Disease,407
Proteostasis Deficiencies,400
"Niemann-Pick Disease, Type C",396
Iron Metabolism Disorders,395
Homocystinuria,378
Glycogen Storage Disease Type I,370
Werner Syndrome,370
Avitaminosis,365
Hemosiderosis,354
Whipple Disease,345
Galactosemias,339
Protein Deficiency,334
"Brain Diseases, Metabolic, Inborn",331
Fanconi Syndrome,327
Congenital Disorders of Glycosylation,324
Calciphylaxis,320
Hyperlipoproteinemias,309
Li-Fraumeni Syndrome,307
Mucolipidoses,306
Congenital Hyperinsulinism,304
"Albinism, Oculocutaneous",303
Cockayne Syndrome,303
"Leukodystrophy, Globoid Cell",301
Smith-Lemli-Opitz Syndrome,300
Wernicke Encephalopathy,299
Overnutrition,296
Ascorbic Acid Deficiency,295
Mucopolysaccharidosis II,290
"Carbohydrate Metabolism, Inborn Errors",288
"Hyperlipidemia, Familial Combined",278
Albinism,278
Mucopolysaccharidoses,278
Vitamin K Deficiency,275
Familial Hypophosphatemic Rickets,273
Glycogen Storage Disease,262
"Amyloidosis, Familial",260
Tyrosinemias,257
"Porphyria, Acute Intermittent",256
Mucopolysaccharidosis III,255
Menkes Kinky Hair Syndrome,255
Pseudohypoparathyroidism,252
"Acidosis, Respiratory",252
Hypokalemic Periodic Paralysis,251
"Anemia, Pernicious",249
"Hyperoxaluria, Primary",249
Maple Syrup Urine Disease,242
"Leukodystrophy, Metachromatic",242
Ornithine Carbamoyltransferase Deficiency Disease,241
Porphyrias,241
Peroxisomal Disorders,239
Cystinosis,234
Lipid Metabolism Disorders,233
Bloom Syndrome,232
Hypophosphatasia,232
Porphyria Cutanea Tarda,227
Kernicterus,223
"Myelinolysis, Central Pontine",216
"Ophthalmoplegia, Chronic Progressive External",212
Amyloid Neuropathies,212
Cystinuria,211
Hermanski-Pudlak Syndrome,208
Gilbert Disease,207
Immunoglobulin Light-chain Amyloidosis,207
HIV Wasting Syndrome,207
Pseudohypoaldosteronism,204
"Hypophosphatemia, Familial",200
Hereditary Central Nervous System Demyelinating Diseases,199
Lesch-Nyhan Syndrome,194
Vitamin B 6 Deficiency,192
Tangier Disease,191
Cytochrome-c Oxidase Deficiency,188
Vitamin B Deficiency,188
"Gangliosidosis, GM1",180
Glycogen Storage Disease Type V,177
Mucopolysaccharidosis IV,177
Fetal Nutrition Disorders,170
Mucopolysaccharidosis VI,170
Wolfram Syndrome,169
"Bone Demineralization, Pathologic",169
Alkaptonuria,169
Zellweger Syndrome,169
Obesity Hypoventilation Syndrome,166
Pelizaeus-Merzbacher Disease,166
Lipidoses,165
Citrullinemia,164
Kearns-Sayre Syndrome,162
"Renal Tubular Transport, Inborn Errors",161
Tay-Sachs Disease,157
"Optic Atrophy, Autosomal Dominant",155
Gitelman Syndrome,150
"Xanthomatosis, Cerebrotendinous",148
Mucopolysaccharidosis VII,147
"Urea Cycle Disorders, Inborn",142
TDP-43 Proteinopathies,140
Scurvy,139
Alexander Disease,138
Potassium Deficiency,138
Water Intoxication,137
Crigler-Najjar Syndrome,137
Sandhoff Disease,136
MERRF Syndrome,135
Tetany,134
Canavan Disease,133
"Purine-Pyrimidine Metabolism, Inborn Errors",130
"Protoporphyria, Erythropoietic",125
Rothmund-Thomson Syndrome,125
Achlorhydria,124
"Hyperglycinemia, Nonketotic",120
Oculocerebrorenal Syndrome,117
Calcium Metabolism Disorders,116
"Lipomatosis, Multiple Symmetrical",115
Kwashiorkor,114
Phosphorus Metabolism Disorders,111
"Albinism, Ocular",111
Hyperlipoproteinemia Type I,110
CREST Syndrome,109
Refeeding Syndrome,108
Propionic Acidemia,106
DNA Repair-Deficiency Disorders,104
Pyruvate Dehydrogenase Complex Deficiency Disease,104
Mevalonate Kinase Deficiency,101
"Metal Metabolism, Inborn Errors",96
"Paralyses, Familial Periodic",96
"Alkalosis, Respiratory",93
Glycogen Storage Disease Type III,92
"Lipodystrophy, Congenital Generalized",91
Riboflavin Deficiency,90
"Ichthyosis, X-Linked",90
Piebaldism,88
"Porphyria, Erythropoietic",88
Biotinidase Deficiency,87
Hyperlipoproteinemia Type III,87
Hypobetalipoproteinemias,84
"Steroid Metabolism, Inborn Errors",84
Hypolipoproteinemias,84
"Gangliosidoses, GM2",84
"Lipodystrophy, Familial Partial",83
Blind Loop Syndrome,83
Severe Acute Malnutrition,83
Steatorrhea,83
Vitamin K Deficiency Bleeding,83
Nijmegen Breakage Syndrome,81
"Obesity, Metabolically Benign",81
Necrobiosis Lipoidica,81
Refsum Disease,80
"Porphyrias, Hepatic",79
Sjogren-Larsson Syndrome,77
Beriberi,77
Pellagra,76
Dihydropyrimidine Dehydrogenase Deficiency,76
Primary Progressive Nonfluent Aphasia,75
Reye Syndrome,74
Sphingolipidoses,73
Barth Syndrome,73
Lecithin Cholesterol Acyltransferase Deficiency,73
Hyperlipoproteinemia Type IV,73
Multiple Acyl Coenzyme A Dehydrogenase Deficiency,72
Hypervitaminosis A,72
Wolman Disease,71
Abetalipoproteinemia,70
"Jaundice, Chronic Idiopathic",68
Hyperlactatemia,68
alpha-Mannosidosis,67
Fructose Intolerance,65
"Phenylketonuria, Maternal",65
Glycogen Storage Disease Type IV,63
"Diabetes Mellitus, Lipoatrophic",63
Female Athlete Triad Syndrome,63
Hypoalphalipoproteinemias,61
Glycogen Storage Disease Type IIb,60
"Porphyria, Hepatoerythropoietic",59
Nesidioblastosis,55
Hyperargininemia,55
"Lysosomal Storage Diseases, Nervous System",52
"Chondrodysplasia Punctata, Rhizomelic",52
"Paralysis, Hyperkalemic Periodic",50
"Cerebral Amyloid Angiopathy, Familial",46
Sialic Acid Storage Disease,45
Cholesterol Ester Storage Disease,45
"Porphyria, Variegate",44
Carbamoyl-Phosphate Synthase I Deficiency Disease,42
Liddle Syndrome,42
"Hyperbilirubinemia, Hereditary",41
Acatalasia,41
"Mineralocorticoid Excess Syndrome, Apparent",39
"Skin Diseases, Metabolic",39
Argininosuccinic Aciduria,38
Fucosidosis,38
"Niemann-Pick Disease, Type A",38
Pycnodysostosis,37
"Rickets, Hypophosphatemic",36
"Glycosuria, Renal",36
Subacute Combined Degeneration,35
Dent Disease,34
Pseudopseudohypoparathyroidism,33
"Niemann-Pick Disease, Type B",33
Renal Aminoacidurias,32
Donohue Syndrome,31
"Sprue, Tropical",30
Monckeberg Medial Calcific Sclerosis,30
Hypertriglyceridemic Waist,29
Hyperlipoproteinemia Type V,29
"Decalcification, Pathologic",28
Antley-Bixler Syndrome Phenotype,28
Latent Autoimmune Diabetes in Adults,27
Adiposis Dolorosa,27
"Pyruvate Metabolism, Inborn Errors",27
Necrobiotic Xanthogranuloma,26
Aspartylglucosaminuria,26
Gangliosidoses,24
Glycogen Storage Disease Type VII,23
"Coproporphyria, Hereditary",22
Steatitis,21
Insulin Coma,20
Multiple Sulfatase Deficiency Disease,19
Holocarboxylase Synthetase Deficiency,19
Hartnup Disease,18
"Amino Acid Transport Disorders, Inborn",18
"Fructose-1,6-Diphosphatase Deficiency",17
Farber Lipogranulomatosis,17
Multiple Carboxylase Deficiency,15
"Hypobetalipoproteinemia, Familial, Apolipoprotein B",15
Pyruvate Carboxylase Deficiency Disease,14
Collagenous Sprue,13
Sea-Blue Histiocyte Syndrome,8
Glycogen Storage Disease Type VI,8
beta-Mannosidosis,6
Hyperlysinemias,6
"Refsum Disease, Infantile",6
"Fructose Metabolism, Inborn Errors",4
Mannosidase Deficiency Diseases,3
"Tay-Sachs Disease, AB Variant",2
Swayback,1
Glycogen Storage Disease Type VIII,1
