,MeSH,count
0,Obesity,174054
1,"Diabetes Mellitus, Type 2",122377
2,Diabetes Mellitus,113345
3,"Diabetes Mellitus, Type 1",74556
4,Insulin Resistance,54157
5,"Diabetes Mellitus, Experimental",42695
6,Osteoporosis,42320
7,Calcinosis,37103
8,Metabolic Syndrome,28648
9,Metabolic Syndrome,28648
10,Hyperlipidemias,27120
11,Hyperglycemia,26983
12,Hypoglycemia,26828
13,Hypercholesterolemia,25953
14,Amyloidosis,20048
15,Celiac Disease,19507
16,Nutrition Disorders,19427
17,Amyotrophic Lateral Sclerosis,18032
18,"Obesity, Morbid",17797
19,Acidosis,17697
20,Vitamin D Deficiency,14333
21,Dehydration,13055
22,Metabolic Diseases,12989
23,Hypercalcemia,12871
24,Hypercalcemia,12871
25,"Osteoporosis, Postmenopausal",12755
26,Malnutrition,11980
27,Gout,10737
28,"Metabolism, Inborn Errors",10679
29,Starvation,10496
30,Hepatic Encephalopathy,10300
31,Dyslipidemias,10005
32,"Anemia, Iron-Deficiency",9418
33,"Diabetes, Gestational",9268
34,Hyponatremia,8922
35,Hyperinsulinism,8874
36,Deficiency Diseases,8534
37,Hypokalemia,8506
38,Glucose Intolerance,8381
39,Malabsorption Syndromes,8174
40,Hemochromatosis,7966
41,Hemochromatosis,7966
42,Protein-Energy Malnutrition,7790
43,"Bone Diseases, Metabolic",7462
44,Hypocalcemia,7294
45,Hypocalcemia,7294
46,Porphyrias,6877
47,Phenylketonurias,6784
48,Phenylketonurias,6784
49,Phenylketonurias,6784
50,"Adrenal Hyperplasia, Congenital",6650
51,Pediatric Obesity,6491
52,Hyperlipoproteinemia Type II,6375
53,Hyperlipoproteinemia Type II,6375
54,Vitamin A Deficiency,6194
55,Vitamin B 12 Deficiency,6171
56,Diabetic Ketoacidosis,6133
57,Diabetic Ketoacidosis,6133
58,Prediabetic State,6006
59,"Amino Acid Metabolism, Inborn Errors",6000
60,Rickets,5917
61,Rickets,5917
62,Rickets,5917
63,"Anemia, Pernicious",5865
64,Hyperkalemia,5802
65,Hepatolenticular Degeneration,5755
66,Hepatolenticular Degeneration,5755
67,Hepatolenticular Degeneration,5755
68,Protein Deficiency,5681
69,Hypertriglyceridemia,5669
70,Water-Electrolyte Imbalance,5210
71,Folic Acid Deficiency,5152
72,Mitochondrial Diseases,5108
73,Glucosephosphate Dehydrogenase Deficiency,4788
74,Glycosuria,4780
75,Osteomalacia,4732
76,Osteomalacia,4732
77,Osteomalacia,4732
78,Xanthomatosis,4704
79,Infant Nutrition Disorders,4670
80,Gaucher Disease,4605
81,Gaucher Disease,4605
82,Gaucher Disease,4605
83,Gaucher Disease,4605
84,Gaucher Disease,4605
85,Magnesium Deficiency,4396
86,Alkalosis,4343
87,"Colorectal Neoplasms, Hereditary Nonpolyposis",4236
88,Hyperhomocysteinemia,4214
89,Hyperhomocysteinemia,4214
90,Hyperhomocysteinemia,4214
91,Lipidoses,4115
92,Lipidoses,4115
93,Iron Overload,4113
94,Vitamin E Deficiency,3909
95,Severe Combined Immunodeficiency,3788
96,Xeroderma Pigmentosum,3611
97,Chronic Kidney Disease-Mineral and Bone Disorder,3474
98,Chronic Kidney Disease-Mineral and Bone Disorder,3474
99,Chronic Kidney Disease-Mineral and Bone Disorder,3474
100,Lipodystrophy,3373
101,Lipodystrophy,3373
102,Vascular Calcification,3362
103,Ataxia Telangiectasia,3271
104,Fabry Disease,3268
105,Fabry Disease,3268
106,Fabry Disease,3268
107,Fabry Disease,3268
108,Fabry Disease,3268
109,Child Nutrition Disorders,3225
110,Fanconi Anemia,3201
111,"Obesity, Abdominal",3193
112,"Acidosis, Lactic",3181
113,Lactose Intolerance,3140
114,Lactose Intolerance,3140
115,Thiamine Deficiency,3006
116,Kwashiorkor,2856
117,"Acidosis, Renal Tubular",2800
118,"Acidosis, Renal Tubular",2800
119,Prader-Willi Syndrome,2793
120,"Lipid Metabolism, Inborn Errors",2778
121,"Lipid Metabolism, Inborn Errors",2778
122,"Acidosis, Respiratory",2734
123,Avitaminosis,2675
124,Hyperlipoproteinemias,2639
125,Glycogen Storage Disease,2631
126,Hemosiderosis,2604
127,Inappropriate ADH Syndrome,2599
128,"Carbohydrate Metabolism, Inborn Errors",2593
129,Hypernatremia,2579
130,Vitamin B 6 Deficiency,2572
131,Friedreich Ataxia,2544
132,Tetany,2533
133,Frontotemporal Dementia,2524
134,Acid-Base Imbalance,2502
135,Galactosemias,2307
136,Galactosemias,2307
137,Galactosemias,2307
138,Ascorbic Acid Deficiency,2305
139,Lipomatosis,2282
140,Mucopolysaccharidoses,2099
141,Mucopolysaccharidoses,2099
142,Scurvy,2074
143,Vitamin B Deficiency,2074
144,Neuronal Ceroid-Lipofuscinoses,2061
145,Neuronal Ceroid-Lipofuscinoses,2061
146,Ketosis,2056
147,"Brain Diseases, Metabolic",2054
148,Nephrocalcinosis,2047
149,Adrenoleukodystrophy,2027
150,k,2027
151,k,2027
152,k,2027
153,k,2019
154,k,1930
155,k,1924
156,k,1742
157,k,1742
158,k,1742
159,k,1742
160,k,1742
161,k,1738
162,k,1738
163,k,1704
164,k,1697
165,k,1693
166,k,1693
167,k,1693
168,k,1688
169,k,1677
170,k,1677
171,k,1648
172,k,1618
173,k,1593
174,k,1588
175,k,1588
176,k,1588
177,k,1588
178,k,1576
179,k,1522
180,k,1504
181,k,1504
182,k,1504
183,k,1496
184,k,1467
185,k,1460
186,k,1460
187,k,1460
188,k,1438
189,k,1433
190,k,1425
191,k,1411
192,k,1400
193,k,1334
194,k,1298
195,k,1293
196,k,1293
197,k,1293
198,k,1293
199,k,1293
200,k,1273
201,k,1255
202,k,1247
203,k,1247
204,k,1247
205,k,1232
206,k,1232
207,k,1232
208,k,1228
209,k,1228
210,k,1228
211,k,1228
212,k,1228
213,k,1228
214,k,1228
215,k,1219
216,k,1213
217,k,1213
218,k,1213
219,k,1171
220,k,1171
221,k,1164
222,k,1150
223,k,1131
224,k,1131
225,k,1131
226,k,1129
227,k,1129
228,k,1085
229,k,1074
230,k,1074
231,k,1065
232,k,1065
233,k,1065
234,k,1059
235,k,1059
236,k,1059
237,k,1059
238,k,1029
239,k,1028
240,k,1028
241,k,1028
242,k,1028
243,k,1028
244,k,1028
245,k,1028
246,k,1016
247,k,1005
248,k,1004
249,k,1004
250,k,1004
251,k,1004
252,k,989
253,k,955
254,k,942
255,k,942
256,k,941
257,k,931
258,k,931
259,k,931
260,k,926
261,k,926
262,k,920
263,k,920
264,k,920
265,k,906
266,k,906
267,k,906
268,k,898
269,k,885
270,k,877
271,k,831
272,k,795
273,k,789
274,k,782
275,k,779
276,k,770
277,k,763
278,k,763
279,k,745
280,k,734
281,k,733
282,k,727
283,k,727
284,k,727
285,k,727
286,k,725
287,k,723
288,k,721
289,k,688
290,k,685
291,k,677
292,k,677
293,k,675
294,k,675
295,k,671
296,k,671
297,k,671
298,k,662
299,k,662
300,k,662
301,k,647
302,k,647
303,k,644
304,k,644
305,k,641
306,k,641
307,k,641
308,k,641
309,k,641
310,k,638
311,k,637
312,k,617
313,k,617
314,k,617
315,k,610
316,k,605
317,k,605
318,k,605
319,k,605
320,k,605
321,k,604
322,k,599
323,k,599
324,k,585
325,k,585
326,k,584
327,k,575
328,k,575
329,k,575
330,k,570
331,k,567
332,k,567
333,k,566
334,k,557
335,k,550
336,k,549
337,k,549
338,k,529
339,k,529
340,k,520
341,k,520
342,k,498
343,k,493
344,k,491
345,k,491
346,k,481
347,k,481
348,k,481
349,k,481
350,k,481
351,k,481
352,k,481
353,k,469
354,k,458
355,k,445
356,k,445
357,k,445
358,k,444
359,k,444
360,k,433
361,k,433
362,k,433
363,k,433
364,k,433
365,k,408
366,k,405
367,k,405
368,k,405
369,k,405
370,k,404
371,k,404
372,k,404
373,k,404
374,k,404
375,k,402
376,k,402
377,k,402
378,k,402
379,k,400
380,k,400
381,k,399
382,k,399
383,k,399
384,k,386
385,k,380
386,k,380
387,k,380
388,k,380
389,k,380
390,k,378
391,k,365
392,k,365
393,k,360
394,k,360
395,k,360
396,k,359
397,k,357
398,k,355
399,k,351
400,k,349
401,k,339
402,k,338
403,k,338
404,k,314
405,k,314
406,k,313
407,k,313
408,k,309
409,k,301
410,k,297
411,k,297
412,k,295
413,k,295
414,k,292
415,k,292
416,k,292
417,k,292
418,k,292
419,k,271
420,k,271
421,k,271
422,k,271
423,k,265
424,k,265
425,k,259
426,k,259
427,k,259
428,k,258
429,k,255
430,k,255
431,k,255
432,k,247
433,k,246
434,k,246
435,k,245
436,k,245
437,k,245
438,k,241
439,k,240
440,k,240
441,k,227
442,k,224
443,k,224
444,k,218
445,k,218
446,k,218
447,k,211
448,k,211
449,k,211
450,k,207
451,k,207
452,k,207
453,k,202
454,k,200
455,k,197
456,k,188
457,k,188
458,k,188
459,k,186
460,k,186
461,k,186
462,k,183
463,k,173
464,k,173
465,k,173
466,k,161
467,k,158
468,k,154
469,k,154
470,k,154
471,k,154
472,k,153
473,k,153
474,k,153
475,k,148
476,k,148
477,k,145
478,k,145
479,k,145
480,k,145
481,k,144
482,k,139
483,k,139
484,k,139
485,k,139
486,k,135
487,k,134
488,k,134
489,k,134
490,k,134
491,k,131
492,k,128
493,k,127
494,k,126
495,k,125
496,k,124
497,k,123
498,k,123
499,k,123
500,k,123
501,k,123
502,k,123
503,k,120
504,k,120
505,k,120
506,k,115
507,k,113
508,k,113
509,k,112
510,k,112
511,k,112
512,k,112
513,k,112
514,k,111
515,k,111
516,k,108
517,k,105
518,k,105
519,k,105
520,k,101
521,k,98
522,k,94
523,k,91
524,k,91
525,k,91
526,k,91
527,k,91
528,k,79
529,k,78
530,k,77
531,k,77
532,k,77
533,k,77
534,k,77
535,k,77
536,k,77
537,k,77
538,k,77
539,k,77
540,k,77
541,k,74
542,k,74
543,k,74
544,k,74
545,k,74
546,k,74
547,k,74
548,k,74
549,k,72
550,k,72
551,k,72
552,k,72
553,k,70
554,k,67
555,k,64
556,k,62
557,k,61
558,k,57
559,k,56
560,k,56
561,k,56
562,k,56
563,k,56
564,k,47
565,k,42
566,k,42
567,k,41
568,k,41
569,k,41
570,k,41
571,k,41
572,k,37
573,k,31
574,k,31
575,k,31
576,k,31
577,k,31
578,k,31
579,k,31
580,k,31
581,k,30
582,k,19
583,k,15
584,k,13
585,k,13
586,k,13
587,k,12
588,k,12
589,k,12
590,k,9
591,k,9
592,k,5
593,k,5
594,k,4
595,k,4
596,k,4
597,k,4
598,k,4
599,k,1
